api,article_id,timestamp,status,entities_found,keyphrases_found,truncated,original_chars,chars_sent,opinions_found
AWS,art_001,2026-05-23T00:16:08.466402,success,77,177,False,4501,4501,
Google,art_001,2026-05-23T00:16:10.039341,success,166,15,False,4501,4501,
Azure,art_001,2026-05-23T00:16:14.026662,success,135,127,False,4501,4501,1.0
AWS,art_002,2026-05-23T00:16:17.780850,success,78,183,False,4480,4480,
Google,art_002,2026-05-23T00:16:26.399352,success,164,15,False,4480,4480,
Azure,art_002,2026-05-23T00:16:29.934587,success,119,122,False,4480,4480,2.0
AWS,art_003,2026-05-23T00:16:33.357558,success,104,208,True,5827,4702,
Google,art_003,2026-05-23T00:16:35.914818,success,170,15,True,5827,4702,
Azure,art_003,2026-05-23T00:16:40.868761,success,156,120,True,5827,4702,3.0
AWS,art_004,2026-05-23T00:16:44.322273,success,66,185,True,11589,4717,
Google,art_004,2026-05-23T00:16:46.900186,success,178,15,True,11589,4717,
Azure,art_004,2026-05-23T00:16:49.968594,success,130,115,True,11589,4717,1.0
AWS,art_005,2026-05-23T00:16:53.335114,success,98,216,True,5063,4760,
Google,art_005,2026-05-23T00:16:56.017480,success,177,15,True,5063,4760,
Azure,art_005,2026-05-23T00:17:00.555226,success,163,132,True,5063,4760,0.0
AWS,art_006,2026-05-23T00:17:03.747680,success,77,160,False,4407,4407,
Google,art_006,2026-05-23T00:17:06.328272,success,143,15,False,4407,4407,
Azure,art_006,2026-05-23T00:17:09.822650,success,114,130,False,4407,4407,7.0
AWS,art_007,2026-05-23T00:17:13.129044,success,49,93,False,2181,2181,
Google,art_007,2026-05-23T00:17:15.478536,success,84,15,False,2181,2181,
Azure,art_007,2026-05-23T00:17:19.722317,success,74,78,False,2181,2181,1.0
AWS,art_008,2026-05-23T00:17:22.320561,success,115,206,False,4732,4732,
Google,art_008,2026-05-23T00:17:24.942705,success,170,15,False,4732,4732,
Azure,art_008,2026-05-23T00:17:28.104065,success,171,138,False,4732,4732,1.0
AWS,art_009,2026-05-23T00:17:31.392966,success,93,176,True,6551,4701,
Google,art_009,2026-05-23T00:17:34.022459,success,164,15,True,6551,4701,
Azure,art_009,2026-05-23T00:17:38.418796,success,134,137,True,6551,4701,2.0
AWS,art_010,2026-05-23T00:17:41.972767,success,76,139,False,3507,3507,
Google,art_010,2026-05-23T00:17:44.348694,success,119,15,False,3507,3507,
Azure,art_010,2026-05-23T00:17:47.313075,success,110,99,False,3507,3507,0.0
AWS,art_011,2026-05-23T00:17:50.064282,success,52,92,False,2165,2165,
Google,art_011,2026-05-23T00:17:51.622829,success,93,15,False,2165,2165,
Azure,art_011,2026-05-23T00:17:55.344647,success,64,80,False,2165,2165,1.0
AWS,art_012,2026-05-23T00:17:58.006090,success,119,189,True,6585,4594,
Google,art_012,2026-05-23T00:18:00.635409,success,161,15,True,6585,4594,
Azure,art_012,2026-05-23T00:18:04.942278,success,152,120,True,6585,4594,2.0
AWS,art_013,2026-05-23T00:18:08.167329,success,82,193,True,10262,4646,
Google,art_013,2026-05-23T00:18:10.805346,success,182,15,True,10262,4646,
Azure,art_013,2026-05-23T00:18:13.812509,success,126,147,True,10262,4646,0.0
AWS,art_014,2026-05-23T00:18:17.304232,success,141,206,True,4965,4766,
Google,art_014,2026-05-23T00:18:20.133984,success,186,15,True,4965,4766,
Azure,art_014,2026-05-23T00:18:23.363488,success,165,134,True,4965,4766,0.0
AWS,art_015,2026-05-23T00:18:26.344550,success,65,130,False,3181,3181,
Google,art_015,2026-05-23T00:18:28.702775,success,115,15,False,3181,3181,
Azure,art_015,2026-05-23T00:18:32.483915,success,91,83,False,3181,3181,2.0
AWS,art_016,2026-05-23T00:18:35.234299,success,87,193,True,6978,4707,
Google,art_016,2026-05-23T00:18:37.872481,success,180,15,True,6978,4707,
Azure,art_016,2026-05-23T00:18:41.268541,success,148,135,True,6978,4707,3.0
AWS,art_017,2026-05-23T00:18:44.454797,success,95,180,True,5343,4610,
Google,art_017,2026-05-23T00:18:47.225445,success,161,15,True,5343,4610,
Azure,art_017,2026-05-23T00:18:50.192826,success,120,124,True,5343,4610,5.0
AWS,art_018,2026-05-23T00:18:53.553996,success,94,192,True,9351,4692,
Google,art_018,2026-05-23T00:18:56.188448,success,154,15,True,9351,4692,
Azure,art_018,2026-05-23T00:18:59.560207,success,134,113,True,9351,4692,1.0
AWS,art_019,2026-05-23T00:19:02.876970,success,36,45,False,1073,1073,
Google,art_019,2026-05-23T00:19:05.148344,success,47,15,False,1073,1073,
Azure,art_019,2026-05-23T00:19:08.631325,success,46,42,False,1073,1073,0.0
AWS,art_020,2026-05-23T00:19:10.750202,success,56,111,False,2766,2766,
Google,art_020,2026-05-23T00:19:12.259403,success,98,15,False,2766,2766,
Azure,art_020,2026-05-23T00:19:15.292971,success,79,87,False,2766,2766,5.0
AWS,art_021,2026-05-23T00:19:17.944939,success,120,197,True,29035,4586,
Google,art_021,2026-05-23T00:19:19.793094,success,158,15,True,29035,4586,
Azure,art_021,2026-05-23T00:19:23.892564,success,140,123,True,29035,4586,1.0
AWS,art_022,2026-05-23T00:19:27.059213,success,101,186,False,4548,4548,
Google,art_022,2026-05-23T00:19:29.652880,success,144,15,False,4548,4548,
Azure,art_022,2026-05-23T00:19:32.797128,success,138,116,False,4548,4548,2.0
AWS,art_023,2026-05-23T00:19:35.976051,success,112,221,True,5712,4648,
Google,art_023,2026-05-23T00:19:41.195327,success,160,15,True,5712,4648,
Azure,art_023,2026-05-23T00:19:45.809345,success,148,120,True,5712,4648,4.0
AWS,art_024,2026-05-23T00:19:49.014996,success,122,202,True,6473,4685,
Google,art_024,2026-05-23T00:19:51.788245,success,158,15,True,6473,4685,
Azure,art_024,2026-05-23T00:19:56.150012,success,169,123,True,6473,4685,1.0
AWS,art_025,2026-05-23T00:19:59.497054,success,77,189,True,12614,4677,
Google,art_025,2026-05-23T00:20:02.126445,success,162,15,True,12614,4677,
Azure,art_025,2026-05-23T00:20:06.609343,success,133,124,True,12614,4677,3.0
AWS,art_026,2026-05-23T00:20:09.912143,success,78,162,False,3938,3938,
Google,art_026,2026-05-23T00:20:12.514431,success,143,15,False,3938,3938,
Azure,art_026,2026-05-23T00:20:16.354091,success,112,107,False,3938,3938,3.0
AWS,art_027,2026-05-23T00:20:19.544253,success,94,191,True,5599,4636,
Google,art_027,2026-05-23T00:20:24.880138,success,151,15,True,5599,4636,
Azure,art_027,2026-05-23T00:20:28.899795,success,130,114,True,5599,4636,2.0
AWS,art_028,2026-05-23T00:20:32.215671,success,110,215,True,5116,4722,
Google,art_028,2026-05-23T00:20:34.895971,success,180,15,True,5116,4722,
Azure,art_028,2026-05-23T00:20:39.633287,success,160,130,True,5116,4722,1.0
AWS,art_029,2026-05-23T00:20:42.968750,success,48,96,False,2152,2152,
Google,art_029,2026-05-23T00:20:45.214428,success,76,15,False,2152,2152,
Azure,art_029,2026-05-23T00:20:48.912800,success,61,57,False,2152,2152,2.0
AWS,art_030,2026-05-23T00:20:51.413514,success,71,156,False,4264,4264,
Google,art_030,2026-05-23T00:20:54.205320,success,133,15,False,4264,4264,
Azure,art_030,2026-05-23T00:20:57.826339,success,115,89,False,4264,4264,4.0
AWS,art_031,2026-05-23T00:21:01.235099,success,111,203,True,10825,4665,
Google,art_031,2026-05-23T00:21:03.909791,success,170,15,True,10825,4665,
Azure,art_031,2026-05-23T00:21:08.080650,success,156,120,True,10825,4665,2.0
AWS,art_032,2026-05-23T00:21:11.455478,success,43,93,False,2329,2329,
Google,art_032,2026-05-23T00:21:13.787277,success,81,15,False,2329,2329,
Azure,art_032,2026-05-23T00:21:16.512292,success,72,66,False,2329,2329,0.0
AWS,art_033,2026-05-23T00:21:18.972450,success,129,212,True,7108,4754,
Google,art_033,2026-05-23T00:21:21.084709,success,166,15,True,7108,4754,
Azure,art_033,2026-05-23T00:21:24.829147,success,167,124,True,7108,4754,2.0
AWS,art_034,2026-05-23T00:21:28.698038,success,83,185,False,4027,4027,
Google,art_034,2026-05-23T00:21:31.136060,success,152,15,False,4027,4027,
Azure,art_034,2026-05-23T00:21:35.027552,success,147,103,False,4027,4027,4.0
AWS,art_035,2026-05-23T00:21:38.254377,success,101,205,True,5813,4662,
Google,art_035,2026-05-23T00:21:40.917005,success,175,15,True,5813,4662,
Azure,art_035,2026-05-23T00:21:45.199440,success,165,118,True,5813,4662,0.0
AWS,art_036,2026-05-23T00:21:48.773610,success,43,75,False,2081,2081,
Google,art_036,2026-05-23T00:21:51.109526,success,75,15,False,2081,2081,
Azure,art_036,2026-05-23T00:21:54.747884,success,69,71,False,2081,2081,2.0
AWS,art_037,2026-05-23T00:21:57.064320,success,86,192,True,5712,4600,
Google,art_037,2026-05-23T00:22:00.353925,success,167,15,True,5712,4600,
Azure,art_037,2026-05-23T00:22:02.358985,success,142,121,True,5712,4600,3.0
AWS,art_038,2026-05-23T00:22:05.901789,success,73,179,True,4739,4336,
Google,art_038,2026-05-23T00:22:07.692865,success,160,15,True,4739,4336,
Azure,art_038,2026-05-23T00:22:11.628828,success,99,107,True,4739,4336,1.0
AWS,art_039,2026-05-23T00:22:14.991044,success,56,181,True,5841,4651,
Google,art_039,2026-05-23T00:22:17.664112,success,173,15,True,5841,4651,
Azure,art_039,2026-05-23T00:22:21.561157,success,127,126,True,5841,4651,0.0
AWS,art_040,2026-05-23T00:22:24.711333,success,69,171,False,4183,4183,
Google,art_040,2026-05-23T00:22:27.308939,success,170,15,False,4183,4183,
Azure,art_040,2026-05-23T00:22:30.814123,success,131,121,False,4183,4183,2.0
AWS,art_041,2026-05-23T00:22:34.030402,success,71,182,False,4643,4643,
Google,art_041,2026-05-23T00:22:36.555077,success,172,15,False,4643,4643,
Azure,art_041,2026-05-23T00:22:38.795428,success,123,143,False,4643,4643,0.0
AWS,art_042,2026-05-23T00:22:42.094780,success,62,87,False,2565,2565,
Google,art_042,2026-05-23T00:22:43.653509,success,90,15,False,2565,2565,
Azure,art_042,2026-05-23T00:22:47.365229,success,79,75,False,2565,2565,0.0
AWS,art_043,2026-05-23T00:22:50.065261,success,53,133,False,3017,3017,
Google,art_043,2026-05-23T00:22:52.526439,success,126,15,False,3017,3017,
Azure,art_043,2026-05-23T00:22:56.543970,success,78,89,False,3017,3017,1.0
AWS,art_044,2026-05-23T00:22:59.119438,success,78,192,True,5932,4685,
Google,art_044,2026-05-23T00:23:01.730744,success,183,15,True,5932,4685,
Azure,art_044,2026-05-23T00:23:03.854914,success,130,140,True,5932,4685,2.0
AWS,art_045,2026-05-23T00:23:06.700103,success,29,49,False,1117,1117,
Google,art_045,2026-05-23T00:23:08.143529,success,51,15,False,1117,1117,
Azure,art_045,2026-05-23T00:23:11.632321,success,41,46,False,1117,1117,0.0
AWS,art_046,2026-05-23T00:23:13.693750,success,60,176,True,4854,4669,
Google,art_046,2026-05-23T00:23:15.555875,success,178,15,True,4854,4669,
Azure,art_046,2026-05-23T00:23:18.597987,success,136,121,True,4854,4669,4.0
AWS,art_047,2026-05-23T00:23:21.849406,success,83,137,False,3088,3088,
Google,art_047,2026-05-23T00:23:24.356488,success,117,15,False,3088,3088,
Azure,art_047,2026-05-23T00:23:27.373798,success,116,93,False,3088,3088,1.0
AWS,art_048,2026-05-23T00:23:30.210746,success,83,187,False,4210,4210,
Google,art_048,2026-05-23T00:23:33.310903,success,156,15,False,4210,4210,
Azure,art_048,2026-05-23T00:23:36.761610,success,130,104,False,4210,4210,1.0
AWS,art_049,2026-05-23T00:23:39.854682,success,75,203,True,7242,4666,
Google,art_049,2026-05-23T00:23:42.315061,success,176,15,True,7242,4666,
Azure,art_049,2026-05-23T00:23:45.802059,success,153,125,True,7242,4666,2.0
AWS,art_050,2026-05-23T00:23:49.570055,success,97,209,True,5515,4709,
Google,art_050,2026-05-23T00:23:52.202668,success,168,15,True,5515,4709,
Azure,art_050,2026-05-23T00:23:55.414379,success,157,120,True,5515,4709,3.0
AWS,art_051,2026-05-23T00:23:58.459243,success,18,56,False,1224,1224,
Google,art_051,2026-05-23T00:24:00.685727,success,52,15,False,1224,1224,
Azure,art_051,2026-05-23T00:24:03.102158,success,37,39,False,1224,1224,1.0
AWS,art_052,2026-05-23T00:24:05.110795,success,18,56,False,1224,1224,
Google,art_052,2026-05-23T00:24:06.557752,success,52,15,False,1224,1224,
Azure,art_052,2026-05-23T00:24:08.826842,success,37,39,False,1224,1224,1.0
AWS,art_053,2026-05-23T00:24:11.164525,success,72,142,False,3527,3527,
Google,art_053,2026-05-23T00:24:12.696203,success,122,15,False,3527,3527,
Azure,art_053,2026-05-23T00:24:15.576085,success,130,88,False,3527,3527,1.0
AWS,art_054,2026-05-23T00:24:18.607788,success,103,198,True,5233,4688,
Google,art_054,2026-05-23T00:24:21.443121,success,166,15,True,5233,4688,
Azure,art_054,2026-05-23T00:24:24.445709,success,161,111,True,5233,4688,5.0
AWS,art_055,2026-05-23T00:24:27.799162,success,75,173,False,3828,3828,
Google,art_055,2026-05-23T00:24:30.481827,success,149,15,False,3828,3828,
Azure,art_055,2026-05-23T00:24:33.266119,success,133,106,False,3828,3828,8.0
AWS,art_056,2026-05-23T00:24:36.367972,success,37,75,False,1622,1622,
Google,art_056,2026-05-23T00:24:38.716134,success,52,15,False,1622,1622,
Azure,art_056,2026-05-23T00:24:40.081079,success,63,46,False,1622,1622,0.0
AWS,art_057,2026-05-23T00:24:42.267732,success,84,186,True,5482,4700,
Google,art_057,2026-05-23T00:24:44.101969,success,161,15,True,5482,4700,
Azure,art_057,2026-05-23T00:24:47.178558,success,126,108,True,5482,4700,5.0
AWS,art_058,2026-05-23T00:24:50.946000,success,24,73,False,1626,1626,
Google,art_058,2026-05-23T00:24:53.231160,success,64,15,False,1626,1626,
Azure,art_058,2026-05-23T00:24:54.607621,success,39,50,False,1626,1626,0.0
AWS,art_059,2026-05-23T00:24:56.791899,success,54,105,False,2495,2495,
Google,art_059,2026-05-23T00:24:58.292960,success,72,15,False,2495,2495,
Azure,art_059,2026-05-23T00:25:01.085229,success,67,61,False,2495,2495,1.0
AWS,art_060,2026-05-23T00:25:03.764144,success,67,185,True,4854,4504,
Google,art_060,2026-05-23T00:25:05.606753,success,150,15,True,4854,4504,
Azure,art_060,2026-05-23T00:25:09.838403,success,93,101,True,4854,4504,2.0
AWS,art_061,2026-05-23T00:25:12.946539,success,69,164,False,3857,3857,
Google,art_061,2026-05-23T00:25:15.544140,success,132,15,False,3857,3857,
Azure,art_061,2026-05-23T00:25:18.434146,success,91,91,False,3857,3857,0.0
AWS,art_062,2026-05-23T00:25:21.430810,success,78,194,True,6194,4739,
Google,art_062,2026-05-23T00:25:24.144613,success,171,15,True,6194,4739,
Azure,art_062,2026-05-23T00:25:28.401237,success,116,115,True,6194,4739,0.0
AWS,art_063,2026-05-23T00:25:31.914160,success,70,161,False,3777,3777,
Google,art_063,2026-05-23T00:25:34.381906,success,121,15,False,3777,3777,
Azure,art_063,2026-05-23T00:25:38.516848,success,86,95,False,3777,3777,2.0
AWS,art_064,2026-05-23T00:25:41.355157,success,59,181,False,4232,4232,
Google,art_064,2026-05-23T00:25:44.109034,success,146,15,False,4232,4232,
Azure,art_064,2026-05-23T00:25:46.996073,success,97,102,False,4232,4232,2.0
AWS,art_065,2026-05-23T00:25:50.252825,success,53,125,False,3099,3099,
Google,art_065,2026-05-23T00:25:52.638970,success,96,15,False,3099,3099,
Azure,art_065,2026-05-23T00:25:54.451697,success,72,81,False,3099,3099,1.0
AWS,art_066,2026-05-23T00:25:57.125899,success,73,170,False,4534,4534,
Google,art_066,2026-05-23T00:25:58.992920,success,150,15,False,4534,4534,
Azure,art_066,2026-05-23T00:26:02.216508,success,106,105,False,4534,4534,1.0
AWS,art_067,2026-05-23T00:26:05.305947,success,56,135,False,3313,3313,
Google,art_067,2026-05-23T00:26:07.711098,success,111,15,False,3313,3313,
Azure,art_067,2026-05-23T00:26:09.712330,success,91,78,False,3313,3313,1.0
AWS,art_068,2026-05-23T00:26:12.364036,success,21,46,False,1058,1058,
Google,art_068,2026-05-23T00:26:13.820104,success,44,15,False,1058,1058,
Azure,art_068,2026-05-23T00:26:16.169847,success,37,33,False,1058,1058,0.0
AWS,art_069,2026-05-23T00:26:18.219561,success,69,179,True,9972,4562,
Google,art_069,2026-05-23T00:26:20.052108,success,159,15,True,9972,4562,
Azure,art_069,2026-05-23T00:26:23.352044,success,107,109,True,9972,4562,1.0
AWS,art_070,2026-05-23T00:26:26.675051,success,79,183,True,12085,4607,
Google,art_070,2026-05-23T00:26:29.152664,success,138,15,True,12085,4607,
Azure,art_070,2026-05-23T00:26:32.733636,success,106,98,True,12085,4607,0.0
AWS,art_071,2026-05-23T00:26:35.909856,success,67,184,True,5800,4697,
Google,art_071,2026-05-23T00:26:38.579211,success,155,15,True,5800,4697,
Azure,art_071,2026-05-23T00:26:41.772159,success,96,108,True,5800,4697,2.0
AWS,art_072,2026-05-23T00:26:45.007154,success,74,183,True,9398,4771,
Google,art_072,2026-05-23T00:26:47.697394,success,160,15,True,9398,4771,
Azure,art_072,2026-05-23T00:26:49.754413,success,130,116,True,9398,4771,0.0
AWS,art_073,2026-05-23T00:26:52.830959,success,84,200,True,9782,4599,
Google,art_073,2026-05-23T00:26:54.665323,success,156,15,True,9782,4599,
Azure,art_073,2026-05-23T00:26:56.820794,success,118,116,True,9782,4599,1.0
AWS,art_074,2026-05-23T00:26:59.865854,success,76,183,False,4455,4455,
Google,art_074,2026-05-23T00:27:01.733055,success,149,15,False,4455,4455,
Azure,art_074,2026-05-23T00:27:06.163880,success,115,104,False,4455,4455,2.0
AWS,art_075,2026-05-23T00:27:09.212980,success,33,84,False,2001,2001,
Google,art_075,2026-05-23T00:27:11.559856,success,66,15,False,2001,2001,
Azure,art_075,2026-05-23T00:27:14.017649,success,47,58,False,2001,2001,1.0
AWS,art_076,2026-05-23T00:27:16.435972,success,69,169,False,4337,4337,
Google,art_076,2026-05-23T00:27:18.223223,success,137,15,False,4337,4337,
Azure,art_076,2026-05-23T00:27:21.340702,success,111,110,False,4337,4337,1.0
AWS,art_077,2026-05-23T00:27:24.484629,success,60,180,False,4593,4593,
Google,art_077,2026-05-23T00:27:26.871457,success,162,15,False,4593,4593,
Azure,art_077,2026-05-23T00:27:28.971033,success,104,98,False,4593,4593,3.0
AWS,art_078,2026-05-23T00:27:31.993513,success,28,122,False,2863,2863,
Google,art_078,2026-05-23T00:27:33.520255,success,110,15,False,2863,2863,
Azure,art_078,2026-05-23T00:27:35.116835,success,56,77,False,2863,2863,2.0
AWS,art_079,2026-05-23T00:27:37.737722,success,51,81,False,1954,1954,
Google,art_079,2026-05-23T00:27:39.314916,success,67,15,False,1954,1954,
Azure,art_079,2026-05-23T00:27:42.805244,success,68,59,False,1954,1954,1.0
AWS,art_080,2026-05-23T00:27:45.345840,success,29,42,False,1041,1041,
Google,art_080,2026-05-23T00:27:47.691059,success,37,15,False,1041,1041,
Azure,art_080,2026-05-23T00:27:50.987434,success,35,37,False,1041,1041,2.0
AWS,art_081,2026-05-23T00:27:53.158003,success,98,196,False,4540,4540,
Google,art_081,2026-05-23T00:27:54.993535,success,156,15,False,4540,4540,
Azure,art_081,2026-05-23T00:27:59.630321,success,139,137,False,4540,4540,3.0
AWS,art_082,2026-05-23T00:28:03.278972,success,95,194,True,7293,4645,
Google,art_082,2026-05-23T00:28:05.890130,success,162,15,True,7293,4645,
Azure,art_082,2026-05-23T00:28:09.321604,success,150,139,True,7293,4645,1.0
AWS,art_083,2026-05-23T00:28:12.354642,success,26,60,False,1195,1195,
Google,art_083,2026-05-23T00:28:14.611016,success,44,15,False,1195,1195,
Azure,art_083,2026-05-23T00:28:15.975515,success,40,43,False,1195,1195,0.0
AWS,art_084,2026-05-23T00:28:18.218715,success,84,186,True,5443,4563,
Google,art_084,2026-05-23T00:28:20.023650,success,165,15,True,5443,4563,
Azure,art_084,2026-05-23T00:28:22.143008,success,130,133,True,5443,4563,1.0
AWS,art_085,2026-05-23T00:28:25.291328,success,104,198,True,6232,4702,
Google,art_085,2026-05-23T00:28:27.134088,success,159,15,True,6232,4702,
Azure,art_085,2026-05-23T00:28:29.317597,success,134,119,True,6232,4702,0.0
AWS,art_086,2026-05-23T00:28:32.273706,success,111,188,False,4491,4491,
Google,art_086,2026-05-23T00:28:34.134954,success,135,15,False,4491,4491,
Azure,art_086,2026-05-23T00:28:37.174568,success,139,124,False,4491,4491,0.0
AWS,art_087,2026-05-23T00:28:40.630864,success,75,196,True,9052,4563,
Google,art_087,2026-05-23T00:28:43.215501,success,163,15,True,9052,4563,
Azure,art_087,2026-05-23T00:28:46.185847,success,105,126,True,9052,4563,5.0
AWS,art_088,2026-05-23T00:28:49.501512,success,83,202,True,5578,4630,
Google,art_088,2026-05-23T00:28:52.138816,success,148,15,True,5578,4630,
Azure,art_088,2026-05-23T00:28:55.210942,success,117,123,True,5578,4630,3.0
AWS,art_089,2026-05-23T00:28:58.761715,success,98,183,False,4259,4259,
Google,art_089,2026-05-23T00:29:01.339454,success,126,15,False,4259,4259,
Azure,art_089,2026-05-23T00:29:05.232293,success,124,114,False,4259,4259,3.0
AWS,art_090,2026-05-23T00:29:08.366146,success,70,126,False,2468,2468,
Google,art_090,2026-05-23T00:29:10.681636,success,101,15,False,2468,2468,
Azure,art_090,2026-05-23T00:29:12.296541,success,91,90,False,2468,2468,1.0
AWS,art_091,2026-05-23T00:29:14.793840,success,139,216,True,6790,4737,
Google,art_091,2026-05-23T00:29:17.004968,success,139,15,True,6790,4737,
Azure,art_091,2026-05-23T00:29:19.158650,success,162,142,True,6790,4737,0.0
AWS,art_092,2026-05-23T00:29:22.813829,success,82,142,False,3036,3036,
Google,art_092,2026-05-23T00:29:25.213742,success,89,15,False,3036,3036,
Azure,art_092,2026-05-23T00:29:27.163897,success,97,90,False,3036,3036,0.0
AWS,art_093,2026-05-23T00:29:29.799264,success,64,128,False,2815,2815,
Google,art_093,2026-05-23T00:29:31.375068,success,105,15,False,2815,2815,
Azure,art_093,2026-05-23T00:29:34.437462,success,101,89,False,2815,2815,2.0
AWS,art_094,2026-05-23T00:29:37.095057,success,90,166,False,3593,3593,
Google,art_094,2026-05-23T00:29:38.929688,success,126,15,False,3593,3593,
Azure,art_094,2026-05-23T00:29:42.165369,success,137,102,False,3593,3593,0.0
AWS,art_095,2026-05-23T00:29:45.229904,success,69,151,False,3569,3569,
Google,art_095,2026-05-23T00:29:47.929583,success,133,15,False,3569,3569,
Azure,art_095,2026-05-23T00:29:51.016755,success,127,89,False,3569,3569,5.0
AWS,art_096,2026-05-23T00:29:54.186856,success,31,66,False,1399,1399,
Google,art_096,2026-05-23T00:29:56.523752,success,65,15,False,1399,1399,
Azure,art_096,2026-05-23T00:29:58.929663,success,52,45,False,1399,1399,2.0
AWS,art_097,2026-05-23T00:30:01.121111,success,41,114,False,2446,2446,
Google,art_097,2026-05-23T00:30:02.667665,success,107,15,False,2446,2446,
Azure,art_097,2026-05-23T00:30:05.691017,success,79,79,False,2446,2446,0.0
AWS,art_098,2026-05-23T00:30:08.338784,success,86,147,False,3129,3129,
Google,art_098,2026-05-23T00:30:09.947798,success,114,15,False,3129,3129,
Azure,art_098,2026-05-23T00:30:12.912895,success,124,92,False,3129,3129,1.0
AWS,art_099,2026-05-23T00:30:15.522190,success,46,106,False,2429,2429,
Google,art_099,2026-05-23T00:30:17.033987,success,100,15,False,2429,2429,
Azure,art_099,2026-05-23T00:30:19.956943,success,85,75,False,2429,2429,0.0
AWS,art_100,2026-05-23T00:30:22.662800,success,75,191,True,6867,4680,
Google,art_100,2026-05-23T00:30:24.505136,success,182,15,True,6867,4680,
Azure,art_100,2026-05-23T00:30:27.816946,success,120,145,True,6867,4680,3.0
AWS,art_101,2026-05-23T00:30:31.154130,success,55,84,False,2144,2144,
Google,art_101,2026-05-23T00:30:33.492918,success,71,15,False,2144,2144,
Azure,art_101,2026-05-23T00:30:36.962016,success,73,61,False,2144,2144,5.0
AWS,art_102,2026-05-23T00:30:39.726894,success,115,201,False,4637,4637,
Google,art_102,2026-05-23T00:30:42.366085,success,179,15,False,4637,4637,
Azure,art_102,2026-05-23T00:30:44.650577,success,148,133,False,4637,4637,1.0
AWS,art_103,2026-05-23T00:30:48.252942,success,112,203,True,8912,4646,
Google,art_103,2026-05-23T00:30:50.658659,success,161,15,True,8912,4646,
Azure,art_103,2026-05-23T00:30:52.861221,success,164,107,True,8912,4646,3.0
AWS,art_104,2026-05-23T00:30:56.419228,success,104,202,True,6314,4754,
Google,art_104,2026-05-23T00:31:00.132465,success,169,15,True,6314,4754,
Azure,art_104,2026-05-23T00:31:03.502354,success,138,125,True,6314,4754,2.0
AWS,art_105,2026-05-23T00:31:06.931521,success,88,192,True,6508,4690,
Google,art_105,2026-05-23T00:31:09.522025,success,175,15,True,6508,4690,
Azure,art_105,2026-05-23T00:31:12.515777,success,144,123,True,6508,4690,3.0
AWS,art_106,2026-05-23T00:31:15.781318,success,88,193,True,6439,4731,
Google,art_106,2026-05-23T00:31:18.743479,success,172,15,True,6439,4731,
Azure,art_106,2026-05-23T00:31:20.807738,success,138,125,True,6439,4731,1.0
AWS,art_107,2026-05-23T00:31:24.243109,success,108,195,True,4825,4673,
Google,art_107,2026-05-23T00:31:26.172802,success,161,15,True,4825,4673,
Azure,art_107,2026-05-23T00:31:29.127582,success,147,124,True,4825,4673,3.0
AWS,art_108,2026-05-23T00:31:32.464611,success,36,57,False,1279,1279,
Google,art_108,2026-05-23T00:31:34.837897,success,48,15,False,1279,1279,
Azure,art_108,2026-05-23T00:31:38.115129,success,43,44,False,1279,1279,0.0
AWS,art_109,2026-05-23T00:31:40.350612,success,73,102,False,2533,2533,
Google,art_109,2026-05-23T00:31:41.862319,success,82,15,False,2533,2533,
Azure,art_109,2026-05-23T00:31:44.595578,success,83,75,False,2533,2533,0.0
AWS,art_110,2026-05-23T00:31:47.058732,success,72,124,False,2874,2874,
Google,art_110,2026-05-23T00:31:48.572127,success,107,15,False,2874,2874,
Azure,art_110,2026-05-23T00:31:51.514764,success,94,77,False,2874,2874,2.0
AWS,art_111,2026-05-23T00:31:54.355313,success,104,205,True,5594,4591,
Google,art_111,2026-05-23T00:31:58.086924,success,162,15,True,5594,4591,
Azure,art_111,2026-05-23T00:32:01.157389,success,151,109,True,5594,4591,2.0
AWS,art_112,2026-05-23T00:32:04.640274,success,92,190,True,6681,4587,
Google,art_112,2026-05-23T00:32:07.266508,success,168,15,True,6681,4587,
Azure,art_112,2026-05-23T00:32:11.402018,success,137,122,True,6681,4587,2.0
AWS,art_113,2026-05-23T00:32:14.549361,success,56,148,False,3599,3599,
Google,art_113,2026-05-23T00:32:16.850195,success,120,15,False,3599,3599,
Azure,art_113,2026-05-23T00:32:20.793690,success,79,88,False,3599,3599,0.0
AWS,art_114,2026-05-23T00:32:23.869457,success,34,75,False,1941,1941,
Google,art_114,2026-05-23T00:32:26.124758,success,69,15,False,1941,1941,
Azure,art_114,2026-05-23T00:32:29.810542,success,60,56,False,1941,1941,0.0
AWS,art_115,2026-05-23T00:32:32.266294,success,103,159,False,3826,3826,
Google,art_115,2026-05-23T00:32:34.845681,success,137,15,False,3826,3826,
Azure,art_115,2026-05-23T00:32:38.847016,success,144,109,False,3826,3826,3.0
AWS,art_116,2026-05-23T00:32:42.292257,success,78,171,True,6103,4607,
Google,art_116,2026-05-23T00:32:44.891734,success,138,15,True,6103,4607,
Azure,art_116,2026-05-23T00:32:47.139300,success,124,99,True,6103,4607,0.0
AWS,art_117,2026-05-23T00:32:50.595759,success,109,195,False,4723,4723,
Google,art_117,2026-05-23T00:32:53.481937,success,165,15,False,4723,4723,
Azure,art_117,2026-05-23T00:32:55.843696,success,143,137,False,4723,4723,1.0
AWS,art_118,2026-05-23T00:32:59.476185,success,92,143,False,3801,3801,
Google,art_118,2026-05-23T00:33:01.886967,success,129,15,False,3801,3801,
Azure,art_118,2026-05-23T00:33:05.177897,success,143,105,False,3801,3801,5.0
AWS,art_119,2026-05-23T00:33:08.883160,success,82,186,True,7233,4641,
Google,art_119,2026-05-23T00:33:11.469918,success,171,15,True,7233,4641,
Azure,art_119,2026-05-23T00:33:16.076388,success,130,134,True,7233,4641,4.0
AWS,art_120,2026-05-23T00:33:19.593916,success,79,115,False,2464,2464,
Google,art_120,2026-05-23T00:33:21.969629,success,91,15,False,2464,2464,
Azure,art_120,2026-05-23T00:33:25.595557,success,96,77,False,2464,2464,1.0
AWS,art_121,2026-05-23T00:33:28.104036,success,42,62,False,1565,1565,
Google,art_121,2026-05-23T00:33:30.452415,success,62,15,False,1565,1565,
Azure,art_121,2026-05-23T00:33:31.745033,success,57,54,False,1565,1565,1.0
AWS,art_122,2026-05-23T00:33:34.069683,success,98,194,True,7584,4759,
Google,art_122,2026-05-23T00:33:35.912836,success,163,15,True,7584,4759,
Azure,art_122,2026-05-23T00:33:40.288177,success,125,139,True,7584,4759,6.0
AWS,art_123,2026-05-23T00:33:43.911842,success,57,99,False,2518,2518,
Google,art_123,2026-05-23T00:33:46.215002,success,89,15,False,2518,2518,
Azure,art_123,2026-05-23T00:33:47.890648,success,81,79,False,2518,2518,0.0
AWS,art_124,2026-05-23T00:33:50.295584,success,69,131,False,3549,3549,
Google,art_124,2026-05-23T00:33:51.894544,success,120,15,False,3549,3549,
Azure,art_124,2026-05-23T00:33:54.831833,success,108,87,False,3549,3549,1.0
AWS,art_125,2026-05-23T00:33:57.694319,success,65,130,False,3506,3506,
Google,art_125,2026-05-23T00:34:00.578884,success,113,15,False,3506,3506,
Azure,art_125,2026-05-23T00:34:02.577181,success,108,90,False,3506,3506,0.0
AWS,art_126,2026-05-23T00:34:05.637443,success,103,172,True,6265,4578,
Google,art_126,2026-05-23T00:34:07.215436,success,133,15,True,6265,4578,
Azure,art_126,2026-05-23T00:34:09.880012,success,124,121,True,6265,4578,3.0
AWS,art_127,2026-05-23T00:34:13.133482,success,57,107,False,2420,2420,
Google,art_127,2026-05-23T00:34:15.735965,success,86,15,False,2420,2420,
Azure,art_127,2026-05-23T00:34:19.603818,success,70,69,False,2420,2420,4.0
AWS,art_128,2026-05-23T00:34:22.096750,success,126,199,True,8092,4739,
Google,art_128,2026-05-23T00:34:24.725992,success,159,15,True,8092,4739,
Azure,art_128,2026-05-23T00:34:34.490510,success,145,125,True,8092,4739,1.0
AWS,art_129,2026-05-23T00:34:37.841410,success,98,203,False,4414,4414,
Google,art_129,2026-05-23T00:34:40.251001,success,170,15,False,4414,4414,
Azure,art_129,2026-05-23T00:34:43.406157,success,143,128,False,4414,4414,2.0
AWS,art_130,2026-05-23T00:34:46.720393,success,51,100,False,2260,2260,
Google,art_130,2026-05-23T00:34:48.987859,success,84,15,False,2260,2260,
Azure,art_130,2026-05-23T00:34:50.712836,success,60,65,False,2260,2260,0.0
AWS,art_131,2026-05-23T00:34:53.444646,success,69,156,False,3507,3507,
Google,art_131,2026-05-23T00:34:55.243639,success,116,15,False,3507,3507,
Azure,art_131,2026-05-23T00:34:58.025879,success,94,95,False,3507,3507,2.0
AWS,art_132,2026-05-23T00:35:01.504537,success,110,209,True,16487,4723,
Google,art_132,2026-05-23T00:35:04.177144,success,176,15,True,16487,4723,
Azure,art_132,2026-05-23T00:35:06.509341,success,160,135,True,16487,4723,1.0
AWS,art_133,2026-05-23T00:35:09.795631,success,110,212,True,4737,4460,
Google,art_133,2026-05-23T00:35:12.923351,success,163,15,True,4737,4460,
Azure,art_133,2026-05-23T00:35:16.064863,success,137,130,True,4737,4460,0.0
AWS,art_134,2026-05-23T00:35:19.003674,success,69,160,False,3558,3558,
Google,art_134,2026-05-23T00:35:22.177536,success,123,15,False,3558,3558,
Azure,art_134,2026-05-23T00:35:25.944889,success,94,96,False,3558,3558,1.0
AWS,art_135,2026-05-23T00:35:28.678436,success,82,134,False,2943,2943,
Google,art_135,2026-05-23T00:35:31.098576,success,96,15,False,2943,2943,
Azure,art_135,2026-05-23T00:35:32.825050,success,90,81,False,2943,2943,2.0
AWS,art_136,2026-05-23T00:35:35.545123,success,27,60,False,1324,1324,
Google,art_136,2026-05-23T00:35:37.110984,success,53,15,False,1324,1324,
Azure,art_136,2026-05-23T00:35:39.480128,success,38,44,False,1324,1324,0.0
AWS,art_137,2026-05-23T00:35:41.652205,success,33,53,False,1129,1129,
Google,art_137,2026-05-23T00:35:43.124522,success,44,15,False,1129,1129,
Azure,art_137,2026-05-23T00:35:45.214257,success,47,41,False,1129,1129,1.0
AWS,art_138,2026-05-23T00:35:47.336993,success,76,159,False,3757,3757,
Google,art_138,2026-05-23T00:35:49.168545,success,129,15,False,3757,3757,
Azure,art_138,2026-05-23T00:35:53.201491,success,99,97,False,3757,3757,2.0
AWS,art_139,2026-05-23T00:35:56.260378,success,115,214,True,5590,4741,
Google,art_139,2026-05-23T00:35:58.846622,success,164,15,True,5590,4741,
Azure,art_139,2026-05-23T00:36:02.459613,success,149,135,True,5590,4741,1.0
AWS,art_140,2026-05-23T00:36:06.187156,success,91,208,False,4445,4445,
Google,art_140,2026-05-23T00:36:08.761287,success,172,15,False,4445,4445,
Azure,art_140,2026-05-23T00:36:11.023716,success,155,127,False,4445,4445,2.0
AWS,art_141,2026-05-23T00:36:14.502445,success,120,204,False,4668,4668,
Google,art_141,2026-05-23T00:36:17.181564,success,155,15,False,4668,4668,
Azure,art_141,2026-05-23T00:36:21.674666,success,146,138,False,4668,4668,1.0
AWS,art_142,2026-05-23T00:36:24.944829,success,149,222,True,5478,4662,
Google,art_142,2026-05-23T00:36:27.572926,success,155,15,True,5478,4662,
Azure,art_142,2026-05-23T00:36:29.969667,success,157,125,True,5478,4662,1.0
AWS,art_143,2026-05-23T00:36:33.320463,success,68,110,False,2725,2725,
Google,art_143,2026-05-23T00:36:35.903825,success,84,15,False,2725,2725,
Azure,art_143,2026-05-23T00:36:39.691525,success,89,68,False,2725,2725,0.0
AWS,art_144,2026-05-23T00:36:42.348934,success,77,135,False,3279,3279,
Google,art_144,2026-05-23T00:36:44.793834,success,112,15,False,3279,3279,
Azure,art_144,2026-05-23T00:36:47.559840,success,93,90,False,3279,3279,0.0
AWS,art_145,2026-05-23T00:36:50.588833,success,55,136,False,3053,3053,
Google,art_145,2026-05-23T00:36:53.845436,success,110,15,False,3053,3053,
Azure,art_145,2026-05-23T00:36:55.977237,success,88,90,False,3053,3053,1.0
AWS,art_146,2026-05-23T00:36:58.717141,success,110,165,False,3736,3736,
Google,art_146,2026-05-23T00:37:00.576252,success,122,15,False,3736,3736,
Azure,art_146,2026-05-23T00:37:04.684870,success,119,107,False,3736,3736,4.0
AWS,art_147,2026-05-23T00:37:08.034676,success,61,122,False,2722,2722,
Google,art_147,2026-05-23T00:37:10.328790,success,91,15,False,2722,2722,
Azure,art_147,2026-05-23T00:37:13.280924,success,83,83,False,2722,2722,0.0
AWS,art_148,2026-05-23T00:37:16.021241,success,111,201,True,6005,4724,
Google,art_148,2026-05-23T00:37:17.866548,success,159,15,True,6005,4724,
Azure,art_148,2026-05-23T00:37:21.066550,success,141,136,True,6005,4724,2.0
AWS,art_149,2026-05-23T00:37:24.330025,success,51,124,False,2880,2880,
Google,art_149,2026-05-23T00:37:26.708075,success,107,15,False,2880,2880,
Azure,art_149,2026-05-23T00:37:29.362468,success,61,91,False,2880,2880,0.0
AWS,art_150,2026-05-23T00:37:32.206439,success,116,198,False,4467,4467,
Google,art_150,2026-05-23T00:37:34.000751,success,159,15,False,4467,4467,
Azure,art_150,2026-05-23T00:37:37.040268,success,143,125,False,4467,4467,1.0
AWS,art_151,2026-05-23T00:37:40.600116,success,71,113,False,2454,2454,
Google,art_151,2026-05-23T00:37:42.962119,success,93,15,False,2454,2454,
Azure,art_151,2026-05-23T00:37:44.544293,success,82,79,False,2454,2454,0.0
AWS,art_152,2026-05-23T00:37:47.249803,success,149,214,True,5182,4698,
Google,art_152,2026-05-23T00:37:49.768492,success,154,15,True,5182,4698,
Azure,art_152,2026-05-23T00:37:53.015322,success,194,130,True,5182,4698,2.0
AWS,art_153,2026-05-23T00:37:56.416635,success,52,73,False,1585,1585,
Google,art_153,2026-05-23T00:37:58.731885,success,58,15,False,1585,1585,
Azure,art_153,2026-05-23T00:38:02.024943,success,76,50,False,1585,1585,0.0
AWS,art_154,2026-05-23T00:38:04.525188,success,139,206,True,5254,4696,
Google,art_154,2026-05-23T00:38:07.860704,success,159,15,True,5254,4696,
Azure,art_154,2026-05-23T00:38:12.694824,success,182,121,True,5254,4696,4.0
AWS,art_155,2026-05-23T00:38:16.049722,success,120,210,True,7419,4765,
Google,art_155,2026-05-23T00:38:18.661229,success,161,15,True,7419,4765,
Azure,art_155,2026-05-23T00:38:22.031132,success,172,125,True,7419,4765,1.0
AWS,art_156,2026-05-23T00:38:25.446897,success,136,222,True,10243,4689,
Google,art_156,2026-05-23T00:38:28.153631,success,164,15,True,10243,4689,
Azure,art_156,2026-05-23T00:38:31.527667,success,171,122,True,10243,4689,1.0
AWS,art_157,2026-05-23T00:38:34.877131,success,85,131,False,2878,2878,
Google,art_157,2026-05-23T00:38:37.161687,success,97,15,False,2878,2878,
Azure,art_157,2026-05-23T00:38:40.914179,success,112,82,False,2878,2878,0.0
AWS,art_158,2026-05-23T00:38:43.637306,success,152,215,False,4496,4496,
Google,art_158,2026-05-23T00:38:46.363577,success,145,15,False,4496,4496,
Azure,art_158,2026-05-23T00:38:49.030583,success,189,116,False,4496,4496,3.0
AWS,art_159,2026-05-23T00:38:52.333117,success,132,218,True,5424,4665,
Google,art_159,2026-05-23T00:38:55.259440,success,164,15,True,5424,4665,
Azure,art_159,2026-05-23T00:38:58.188924,success,170,140,True,5424,4665,0.0
AWS,art_160,2026-05-23T00:39:01.397989,success,49,62,False,1468,1468,
Google,art_160,2026-05-23T00:39:03.644792,success,51,15,False,1468,1468,
Azure,art_160,2026-05-23T00:39:05.921759,success,61,45,False,1468,1468,4.0
AWS,art_161,2026-05-23T00:39:08.610516,success,107,194,True,5723,4700,
Google,art_161,2026-05-23T00:39:10.437100,success,152,15,True,5723,4700,
Azure,art_161,2026-05-23T00:39:14.222136,success,140,139,True,5723,4700,1.0
AWS,art_162,2026-05-23T00:39:18.079207,success,133,207,True,6272,4712,
Google,art_162,2026-05-23T00:39:21.018106,success,167,15,True,6272,4712,
Azure,art_162,2026-05-23T00:39:24.666615,success,168,141,True,6272,4712,1.0
AWS,art_163,2026-05-23T00:39:27.843439,success,66,109,False,2411,2411,
Google,art_163,2026-05-23T00:39:30.238024,success,88,15,False,2411,2411,
Azure,art_163,2026-05-23T00:39:33.051362,success,92,63,False,2411,2411,1.0
AWS,art_164,2026-05-23T00:39:35.634401,success,97,192,True,5229,4757,
Google,art_164,2026-05-23T00:39:37.486523,success,152,15,True,5229,4757,
Azure,art_164,2026-05-23T00:39:41.771088,success,135,113,True,5229,4757,1.0
AWS,art_165,2026-05-23T00:39:45.339673,success,64,93,False,2001,2001,
Google,art_165,2026-05-23T00:39:47.579636,success,81,15,False,2001,2001,
Azure,art_165,2026-05-23T00:39:50.062057,success,78,70,False,2001,2001,0.0
AWS,art_166,2026-05-23T00:39:52.450680,success,119,199,True,6400,4635,
Google,art_166,2026-05-23T00:39:54.292899,success,153,15,True,6400,4635,
Azure,art_166,2026-05-23T00:39:57.800882,success,159,117,True,6400,4635,3.0
AWS,art_167,2026-05-23T00:40:01.098015,success,60,84,False,2157,2157,
Google,art_167,2026-05-23T00:40:03.461701,success,68,15,False,2157,2157,
Azure,art_167,2026-05-23T00:40:07.160822,success,71,61,False,2157,2157,1.0
AWS,art_168,2026-05-23T00:40:09.520202,success,115,208,True,5599,4774,
Google,art_168,2026-05-23T00:40:11.937407,success,172,15,True,5599,4774,
Azure,art_168,2026-05-23T00:40:15.258134,success,146,131,True,5599,4774,2.0
AWS,art_169,2026-05-23T00:40:18.716723,success,124,186,False,4623,4623,
Google,art_169,2026-05-23T00:40:21.494469,success,165,15,False,4623,4623,
Azure,art_169,2026-05-23T00:40:25.188699,success,171,141,False,4623,4623,0.0
AWS,art_170,2026-05-23T00:40:28.522280,success,119,205,False,4654,4654,
Google,art_170,2026-05-23T00:40:31.295525,success,168,15,False,4654,4654,
Azure,art_170,2026-05-23T00:40:34.618198,success,160,142,False,4654,4654,5.0
AWS,art_171,2026-05-23T00:40:37.803028,success,49,69,False,1669,1669,
Google,art_171,2026-05-23T00:40:40.235408,success,49,15,False,1669,1669,
Azure,art_171,2026-05-23T00:40:42.750309,success,59,40,False,1669,1669,0.0
AWS,art_172,2026-05-23T00:40:44.901749,success,138,196,True,5094,4761,
Google,art_172,2026-05-23T00:40:47.095803,success,157,15,True,5094,4761,
Azure,art_172,2026-05-23T00:40:50.366826,success,178,132,True,5094,4761,3.0
AWS,art_173,2026-05-23T00:40:53.593165,success,26,49,False,1351,1351,
Google,art_173,2026-05-23T00:40:55.879866,success,46,15,False,1351,1351,
Azure,art_173,2026-05-23T00:40:59.325124,success,33,39,False,1351,1351,1.0
AWS,art_174,2026-05-23T00:41:01.411307,success,122,181,True,5688,4634,
Google,art_174,2026-05-23T00:41:03.224589,success,149,15,True,5688,4634,
Azure,art_174,2026-05-23T00:41:06.658119,success,146,128,True,5688,4634,4.0
AWS,art_175,2026-05-23T00:41:10.111595,success,108,195,True,4952,4639,
Google,art_175,2026-05-23T00:41:12.801418,success,154,15,True,4952,4639,
Azure,art_175,2026-05-23T00:41:14.926991,success,126,112,True,4952,4639,3.0
AWS,art_176,2026-05-23T00:41:18.006739,success,79,185,True,7157,4607,
Google,art_176,2026-05-23T00:41:19.809274,success,145,15,True,7157,4607,
Azure,art_176,2026-05-23T00:41:22.224923,success,107,112,True,7157,4607,6.0
AWS,art_177,2026-05-23T00:41:25.786410,success,103,179,True,6558,4799,
Google,art_177,2026-05-23T00:41:28.572613,success,172,15,True,6558,4799,
Azure,art_177,2026-05-23T00:41:32.134506,success,143,137,True,6558,4799,1.0
AWS,art_178,2026-05-23T00:41:35.379463,success,99,186,False,4537,4537,
Google,art_178,2026-05-23T00:41:38.066213,success,158,15,False,4537,4537,
Azure,art_178,2026-05-23T00:41:42.273314,success,122,122,False,4537,4537,3.0
AWS,art_179,2026-05-23T00:41:45.502812,success,69,123,False,3224,3224,
Google,art_179,2026-05-23T00:41:47.805908,success,116,15,False,3224,3224,
Azure,art_179,2026-05-23T00:41:52.163057,success,92,90,False,3224,3224,0.0
AWS,art_180,2026-05-23T00:41:54.936107,success,95,178,True,6209,4781,
Google,art_180,2026-05-23T00:41:57.714722,success,154,15,True,6209,4781,
Azure,art_180,2026-05-23T00:42:00.296846,success,120,113,True,6209,4781,3.0
AWS,art_181,2026-05-23T00:42:03.447094,success,84,185,True,8673,4604,
Google,art_181,2026-05-23T00:42:06.794810,success,165,15,True,8673,4604,
Azure,art_181,2026-05-23T00:42:09.784690,success,118,139,True,8673,4604,1.0
AWS,art_182,2026-05-23T00:42:13.196883,success,101,205,True,4932,4696,
Google,art_182,2026-05-23T00:42:15.782550,success,156,15,True,4932,4696,
Azure,art_182,2026-05-23T00:42:17.933384,success,128,129,True,4932,4696,0.0
AWS,art_183,2026-05-23T00:42:21.436859,success,96,181,True,5565,4666,
Google,art_183,2026-05-23T00:42:24.854872,success,160,15,True,5565,4666,
Azure,art_183,2026-05-23T00:42:27.026063,success,122,125,True,5565,4666,1.0
AWS,art_184,2026-05-23T00:42:30.303016,success,14,23,False,716,716,
Google,art_184,2026-05-23T00:42:31.753420,success,19,15,False,716,716,
Azure,art_184,2026-05-23T00:42:34.984745,success,18,21,False,716,716,1.0
AWS,art_185,2026-05-23T00:42:36.999566,success,79,168,False,4211,4211,
Google,art_185,2026-05-23T00:42:38.806937,success,134,15,False,4211,4211,
Azure,art_185,2026-05-23T00:42:41.875345,success,114,107,False,4211,4211,1.0
AWS,art_186,2026-05-23T00:42:44.927866,success,71,169,True,4939,4681,
Google,art_186,2026-05-23T00:42:47.534164,success,131,15,True,4939,4681,
Azure,art_186,2026-05-23T00:42:49.714540,success,86,95,True,4939,4681,2.0
AWS,art_187,2026-05-23T00:42:52.928562,success,37,60,False,1443,1443,
Google,art_187,2026-05-23T00:42:54.454528,success,46,15,False,1443,1443,
Azure,art_187,2026-05-23T00:42:56.882934,success,44,39,False,1443,1443,0.0
AWS,art_188,2026-05-23T00:42:59.174628,success,83,171,False,3954,3954,
Google,art_188,2026-05-23T00:43:01.030540,success,155,15,False,3954,3954,
Azure,art_188,2026-05-23T00:43:02.993837,success,118,110,False,3954,3954,3.0
AWS,art_189,2026-05-23T00:43:05.688316,success,46,110,False,2378,2378,
Google,art_189,2026-05-23T00:43:07.186218,success,89,15,False,2378,2378,
Azure,art_189,2026-05-23T00:43:10.463163,success,70,68,False,2378,2378,1.0
AWS,art_190,2026-05-23T00:43:13.042722,success,23,57,False,1243,1243,
Google,art_190,2026-05-23T00:43:16.399702,success,49,15,False,1243,1243,
Azure,art_190,2026-05-23T00:43:17.856449,success,45,42,False,1243,1243,0.0
AWS,art_191,2026-05-23T00:43:20.095003,success,104,198,True,6429,4743,
Google,art_191,2026-05-23T00:43:21.930648,success,172,15,True,6429,4743,
Azure,art_191,2026-05-23T00:43:25.591658,success,158,135,True,6429,4743,5.0
AWS,art_192,2026-05-23T00:43:28.950205,success,80,123,False,2916,2916,
Google,art_192,2026-05-23T00:43:31.260260,success,108,15,False,2916,2916,
Azure,art_192,2026-05-23T00:43:34.325060,success,114,93,False,2916,2916,1.0
AWS,art_193,2026-05-23T00:43:37.153401,success,75,189,False,4219,4219,
Google,art_193,2026-05-23T00:43:40.386027,success,162,15,False,4219,4219,
Azure,art_193,2026-05-23T00:43:43.058038,success,124,117,False,4219,4219,3.0
AWS,art_194,2026-05-23T00:43:46.486549,success,65,199,True,6370,4706,
Google,art_194,2026-05-23T00:43:49.077463,success,186,15,True,6370,4706,
Azure,art_194,2026-05-23T00:43:52.603069,success,126,141,True,6370,4706,5.0
AWS,art_195,2026-05-23T00:43:56.019214,success,103,206,True,4914,4711,
Google,art_195,2026-05-23T00:43:58.798570,success,167,15,True,4914,4711,
Azure,art_195,2026-05-23T00:44:02.355839,success,134,124,True,4914,4711,4.0
AWS,art_196,2026-05-23T00:44:05.538423,success,70,183,True,6203,4624,
Google,art_196,2026-05-23T00:44:08.163866,success,180,15,True,6203,4624,
Azure,art_196,2026-05-23T00:44:11.349812,success,137,127,True,6203,4624,3.0
AWS,art_197,2026-05-23T00:44:14.545529,success,75,190,False,4214,4214,
Google,art_197,2026-05-23T00:44:17.329303,success,180,15,False,4214,4214,
Azure,art_197,2026-05-23T00:44:21.629963,success,121,126,False,4214,4214,8.0
AWS,art_198,2026-05-23T00:44:24.928716,success,87,194,True,8668,4711,
Google,art_198,2026-05-23T00:44:27.570777,success,185,15,True,8668,4711,
Azure,art_198,2026-05-23T00:44:31.824065,success,159,139,True,8668,4711,9.0
AWS,art_199,2026-05-23T00:44:35.378672,success,27,58,False,1644,1644,
Google,art_199,2026-05-23T00:44:37.631443,success,53,15,False,1644,1644,
Azure,art_199,2026-05-23T00:44:40.312430,success,42,48,False,1644,1644,3.0
AWS,art_200,2026-05-23T00:44:42.909501,success,60,117,False,2863,2863,
Google,art_200,2026-05-23T00:44:44.449979,success,96,15,False,2863,2863,
Azure,art_200,2026-05-23T00:44:48.423473,success,78,78,False,2863,2863,2.0
AWS,art_201,2026-05-23T00:44:51.078410,success,61,123,False,2909,2909,
Google,art_201,2026-05-23T00:44:53.597279,success,112,15,False,2909,2909,
Azure,art_201,2026-05-23T00:44:56.384272,success,97,94,False,2909,2909,2.0
AWS,art_202,2026-05-23T00:44:59.120906,success,17,27,False,574,574,
Google,art_202,2026-05-23T00:45:00.649884,success,22,15,False,574,574,
Azure,art_202,2026-05-23T00:45:03.551454,success,22,18,False,574,574,0.0
AWS,art_203,2026-05-23T00:45:05.453692,success,14,59,False,1532,1532,
Google,art_203,2026-05-23T00:45:06.908701,success,56,15,False,1532,1532,
Azure,art_203,2026-05-23T00:45:09.453871,success,41,53,False,1532,1532,1.0
AWS,art_204,2026-05-23T00:45:11.852019,success,83,148,False,3392,3392,
Google,art_204,2026-05-23T00:45:13.650609,success,111,15,False,3392,3392,
Azure,art_204,2026-05-23T00:45:16.885879,success,124,90,False,3392,3392,1.0
AWS,art_205,2026-05-23T00:45:19.709106,success,65,101,False,2469,2469,
Google,art_205,2026-05-23T00:45:22.050837,success,90,15,False,2469,2469,
Azure,art_205,2026-05-23T00:45:24.694779,success,95,68,False,2469,2469,0.0
AWS,art_206,2026-05-23T00:45:27.131637,success,78,203,True,6819,4793,
Google,art_206,2026-05-23T00:45:29.016030,success,170,15,True,6819,4793,
Azure,art_206,2026-05-23T00:45:33.112785,success,152,130,True,6819,4793,7.0
AWS,art_207,2026-05-23T00:45:37.083620,success,58,161,False,3969,3969,
Google,art_207,2026-05-23T00:45:39.763269,success,152,15,False,3969,3969,
Azure,art_207,2026-05-23T00:45:41.920391,success,117,117,False,3969,3969,2.0
AWS,art_208,2026-05-23T00:45:45.006309,success,72,183,False,3835,3835,
Google,art_208,2026-05-23T00:45:46.799225,success,150,15,False,3835,3835,
Azure,art_208,2026-05-23T00:45:49.805803,success,110,115,False,3835,3835,1.0
AWS,art_209,2026-05-23T00:45:53.137395,success,67,195,True,5697,4629,
Google,art_209,2026-05-23T00:45:55.634181,success,173,15,True,5697,4629,
Azure,art_209,2026-05-23T00:45:58.597549,success,119,136,True,5697,4629,10.0
AWS,art_210,2026-05-23T00:46:01.424317,success,39,138,False,3192,3192,
Google,art_210,2026-05-23T00:46:04.311321,success,134,15,False,3192,3192,
Azure,art_210,2026-05-23T00:46:07.035152,success,96,113,False,3192,3192,2.0
AWS,art_211,2026-05-23T00:46:09.966325,success,93,158,False,3800,3800,
Google,art_211,2026-05-23T00:46:11.852830,success,136,15,False,3800,3800,
Azure,art_211,2026-05-23T00:46:16.020869,success,133,116,False,3800,3800,5.0
AWS,art_212,2026-05-23T00:46:18.847941,success,77,164,False,3738,3738,
Google,art_212,2026-05-23T00:46:21.282568,success,142,15,False,3738,3738,
Azure,art_212,2026-05-23T00:46:25.030935,success,118,118,False,3738,3738,0.0
AWS,art_213,2026-05-23T00:46:27.770150,success,61,111,False,3039,3039,
Google,art_213,2026-05-23T00:46:30.088583,success,91,15,False,3039,3039,
Azure,art_213,2026-05-23T00:46:32.709062,success,88,73,False,3039,3039,0.0
AWS,art_214,2026-05-23T00:46:35.346824,success,106,208,True,8558,4713,
Google,art_214,2026-05-23T00:46:37.253819,success,159,15,True,8558,4713,
Azure,art_214,2026-05-23T00:46:39.082376,success,161,143,True,8558,4713,6.0
AWS,art_215,2026-05-23T00:46:42.595604,success,59,178,False,4368,4368,
Google,art_215,2026-05-23T00:46:44.369480,success,157,15,False,4368,4368,
Azure,art_215,2026-05-23T00:46:47.830076,success,107,136,False,4368,4368,1.0
AWS,art_216,2026-05-23T00:46:50.918520,success,57,188,True,17423,4696,
Google,art_216,2026-05-23T00:46:53.382264,success,172,15,True,17423,4696,
Azure,art_216,2026-05-23T00:46:56.674321,success,115,127,True,17423,4696,6.0
AWS,art_217,2026-05-23T00:47:00.242065,success,55,161,False,4200,4200,
Google,art_217,2026-05-23T00:47:02.850253,success,141,15,False,4200,4200,
Azure,art_217,2026-05-23T00:47:04.276580,success,96,116,False,4200,4200,1.0
AWS,art_218,2026-05-23T00:47:07.312919,success,78,181,False,4393,4393,
Google,art_218,2026-05-23T00:47:08.927876,success,157,15,False,4393,4393,
Azure,art_218,2026-05-23T00:47:12.082236,success,134,129,False,4393,4393,4.0
AWS,art_219,2026-05-23T00:47:15.021300,success,102,185,False,4278,4278,
Google,art_219,2026-05-23T00:47:17.498269,success,143,15,False,4278,4278,
Azure,art_219,2026-05-23T00:47:20.940751,success,138,125,False,4278,4278,5.0
AWS,art_220,2026-05-23T00:47:23.888485,success,97,199,True,5868,4764,
Google,art_220,2026-05-23T00:47:26.674002,success,162,15,True,5868,4764,
Azure,art_220,2026-05-23T00:47:29.236709,success,149,132,True,5868,4764,3.0
AWS,art_221,2026-05-23T00:47:32.488863,success,32,75,False,1653,1653,
Google,art_221,2026-05-23T00:47:34.746635,success,61,15,False,1653,1653,
Azure,art_221,2026-05-23T00:47:38.109834,success,44,53,False,1653,1653,0.0
AWS,art_222,2026-05-23T00:47:40.402356,success,55,176,True,5703,4569,
Google,art_222,2026-05-23T00:47:42.238508,success,151,15,True,5703,4569,
Azure,art_222,2026-05-23T00:47:45.331128,success,113,134,True,5703,4569,3.0
AWS,art_223,2026-05-23T00:47:48.533715,success,98,208,True,7679,4751,
Google,art_223,2026-05-23T00:47:51.249402,success,171,15,True,7679,4751,
Azure,art_223,2026-05-23T00:47:56.067721,success,149,147,True,7679,4751,4.0
AWS,art_224,2026-05-23T00:48:00.138150,success,80,174,False,4009,4009,
Google,art_224,2026-05-23T00:48:02.798034,success,158,15,False,4009,4009,
Azure,art_224,2026-05-23T00:48:06.773371,success,137,126,False,4009,4009,0.0
AWS,art_225,2026-05-23T00:48:09.845876,success,103,190,True,6504,4651,
Google,art_225,2026-05-23T00:48:12.443952,success,166,15,True,6504,4651,
Azure,art_225,2026-05-23T00:48:15.322879,success,160,138,True,6504,4651,10.0
AWS,art_226,2026-05-23T00:48:18.729786,success,67,204,True,6130,4754,
Google,art_226,2026-05-23T00:48:21.356087,success,156,15,True,6130,4754,
Azure,art_226,2026-05-23T00:48:23.856622,success,103,124,True,6130,4754,1.0
AWS,art_227,2026-05-23T00:48:27.303155,success,131,214,True,6531,4712,
Google,art_227,2026-05-23T00:48:29.743463,success,157,15,True,6531,4712,
Azure,art_227,2026-05-23T00:48:33.238173,success,158,160,True,6531,4712,4.0
AWS,art_228,2026-05-23T00:48:36.461740,success,43,82,False,1804,1804,
Google,art_228,2026-05-23T00:48:38.776258,success,55,15,False,1804,1804,
Azure,art_228,2026-05-23T00:48:41.212043,success,54,65,False,1804,1804,0.0
AWS,art_229,2026-05-23T00:48:43.609390,success,75,191,True,7179,4766,
Google,art_229,2026-05-23T00:48:45.421906,success,176,15,True,7179,4766,
Azure,art_229,2026-05-23T00:48:49.833062,success,102,145,True,7179,4766,3.0
AWS,art_230,2026-05-23T00:48:53.184534,success,86,172,True,5078,4552,
Google,art_230,2026-05-23T00:48:55.864787,success,130,15,True,5078,4552,
Azure,art_230,2026-05-23T00:49:00.288366,success,123,109,True,5078,4552,2.0
AWS,art_231,2026-05-23T00:49:03.153701,success,51,113,False,2891,2891,
Google,art_231,2026-05-23T00:49:05.595719,success,85,15,False,2891,2891,
Azure,art_231,2026-05-23T00:49:08.235756,success,69,82,False,2891,2891,0.0
AWS,art_232,2026-05-23T00:49:11.049414,success,50,177,True,6605,4710,
Google,art_232,2026-05-23T00:49:12.967245,success,152,15,True,6605,4710,
Azure,art_232,2026-05-23T00:49:15.995567,success,102,129,True,6605,4710,4.0
AWS,art_233,2026-05-23T00:49:19.397730,success,95,221,True,4998,4793,
Google,art_233,2026-05-23T00:49:21.988117,success,153,15,True,4998,4793,
Azure,art_233,2026-05-23T00:49:26.389672,success,122,148,True,4998,4793,0.0
AWS,art_234,2026-05-23T00:49:30.107015,success,58,138,False,3091,3091,
Google,art_234,2026-05-23T00:49:32.444106,success,87,15,False,3091,3091,
Azure,art_234,2026-05-23T00:49:35.358366,success,81,87,False,3091,3091,1.0
AWS,art_235,2026-05-23T00:49:38.030534,success,99,214,True,5543,4677,
Google,art_235,2026-05-23T00:49:39.898580,success,177,15,True,5543,4677,
Azure,art_235,2026-05-23T00:49:44.458647,success,147,167,True,5543,4677,3.0
AWS,art_236,2026-05-23T00:49:48.101247,success,67,146,False,3424,3424,
Google,art_236,2026-05-23T00:49:50.568673,success,105,15,False,3424,3424,
Azure,art_236,2026-05-23T00:49:53.723133,success,96,103,False,3424,3424,0.0
AWS,art_237,2026-05-23T00:49:56.569773,success,38,133,False,3386,3386,
Google,art_237,2026-05-23T00:49:59.354885,success,114,15,False,3386,3386,
Azure,art_237,2026-05-23T00:50:04.778585,success,77,97,False,3386,3386,0.0
